<?xml version="1.0" encoding="UTF-8"?>
<!DOCTYPE module PUBLIC "-//Puppy Crawl//DTD Check Configuration 1.3//EN" "http://www.puppycrawl.com/dtds/configuration_1_3.dtd">

    <!--
        This configuration file was written by the eclipse-cs plugin
        configuration editor
    -->
    <!--
        Checkstyle-Configuration: welshare codestyle Description: none
    -->
<module name="Checker">
    <property name="severity" value="warning" />
    <module name="TreeWalker">

        <module name="AvoidStarImport" />
        <module name="AvoidNestedBlocks" />
        <module name="ArrayTypeStyle" />

        <module name="BooleanExpressionComplexity" />

        <module name="ConstantName">
            <property name="format" value="log|^[A-Z][A-Z0-9]*(_[A-Z0-9]+)*$" />
        </module>
        <module name="CyclomaticComplexity">
            <property name="max" value="7" />
        </module>
        <module name="CovariantEquals" />
        <module name="DeclarationOrder" />

        <module name="EmptyStatement" />
        <module name="EqualsHashCode" />

        <module name="FinalClass" />

        <module name="IllegalImport" />
        <module name="InterfaceIsType" />
        <module name="InnerAssignment" />
        <module name="IllegalCatch" />
        <module name="IllegalThrows" />
        <module name="IllegalType" />

        <module name="JavaNCSS" />

        <module name="LeftCurly" />

        <module name="ModifierOrder" />
        <module name="MutableException" />
        <module name="MultipleStringLiterals" />

        <module name="NoWhitespaceAfter">
            <property name="tokens"
                value="BNOT, DEC, DOT, INC, LNOT, UNARY_MINUS, UNARY_PLUS, GENERIC_START" />
        </module>
        <module name="NoWhitespaceBefore">
            <property name="tokens"
                value="SEMI, POST_DEC, POST_INC, GENERIC_START, GENERIC_END, WILDCARD_TYPE" />
        </module>
        <module name="NeedBraces" />
        <module name="NestedTryDepth">
            <property name="max" value="2" />
        </module>
        <module name="NoClone" />
        <module name="NoFinalizer" />

        <module name="OperatorWrap" />

        <module name="ParameterNumber">
            <property name="max" value="5" />
        </module>

        <module name="RedundantImport" />
        <module name="RedundantModifier" />
        <module name="RightCurly" />
        <module name="RedundantImport" />

        <module name="SimplifyBooleanExpression" />
        <module name="SimplifyBooleanReturn" />
        <module name="StringLiteralEquality" />

        <module name="TodoComment" />

        <module name="UnusedImports" />
        <module name="UpperEll" />

        <module name="VisibilityModifier">
            <property name="protectedAllowed" value="true" />
            <property name="packageAllowed" value="false" />
        </module>

        <module name="WhitespaceAfter">
            <property name="tokens" value="COMMA, SEMI, TYPECAST, GENERIC_END" />
        </module>
        <module name="WhitespaceAround">
            <property name="tokens"
                value="BAND, BAND_ASSIGN, BOR, BOR_ASSIGN, BSR, BSR_ASSIGN, BXOR, BXOR_ASSIGN, COLON, DIV, DIV_ASSIGN, GE, GT, LAND, LCURLY, LE, LITERAL_ASSERT, LITERAL_CATCH, LITERAL_DO, LITERAL_ELSE, LITERAL_FINALLY, LITERAL_FOR, LITERAL_IF, LITERAL_RETURN,       LITERAL_SYNCHRONIZED, LITERAL_TRY, LITERAL_WHILE, LOR, LT, MINUS,       MINUS_ASSIGN, MOD, MOD_ASSIGN, NOT_EQUAL, PLUS, PLUS_ASSIGN, RCURLY, SL, SLIST, SL_ASSIGN, SR, SR_ASSIGN, STAR, STAR_ASSIGN, TYPE_EXTENSION_AND" />
        </module>
    </module>
    <module name="StrictDuplicateCode" />
    <module name="FileTabCharacter" />
</module>
