<?xml version="1.0" encoding="UTF-8"?>
<beans xmlns="http://www.springframework.org/schema/beans"
    xmlns:xsi="http://www.w3.org/2001/XMLSchema-instance" xmlns:p="http://www.springframework.org/schema/p"
    xmlns:context="http://www.springframework.org/schema/context"
    xmlns:aop="http://www.springframework.org/schema/aop"
    xmlns:cache="http://www.springframework.org/schema/cache"
    xsi:schemaLocation="
    http://www.springframework.org/schema/beans http://www.springframework.org/schema/beans/spring-beans-3.1.xsd
    http://www.springframework.org/schema/context http://www.springframework.org/schema/context/spring-context-3.1.xsd
    http://www.springframework.org/schema/aop http://www.springframework.org/schema/aop/spring-aop-3.1.xsd
    http://www.springframework.org/schema/cache http://www.springframework.org/schema/cache/spring-cache-3.1.xsd">

    <bean class="com.welshare.util.cache.CacheKeyGenerator" id="keyGenerator" />
    <cache:annotation-driven key-generator="keyGenerator" />

    <bean id="ehCacheManager" class="org.springframework.cache.ehcache.EhCacheManagerFactoryBean">
        <property name="shared" value="true" />
    </bean>

    <bean id="cacheManager" class="org.springframework.cache.ehcache.EhCacheCacheManager"
        depends-on="userStreamCache,topUsersCache">
        <property name="cacheManager" ref="ehCacheManager" />
    </bean>

    <bean id="userStreamCache" class="com.welshare.util.cache.EhCacheFactoryBean">
        <property name="cacheManager" ref="ehCacheManager" />
        <property name="cacheName" value="userStreamCache" />
        <property name="timeToLive" value="240" />
        <property name="statisticsAccuracy" value="1"/>
        <property name="statisticsEnabled" value="true"/>
        <property name="overflowToDisk" value="false" />
    </bean>

    <bean id="topUsersCache" class="com.welshare.util.cache.EhCacheFactoryBean">
        <property name="cacheManager" ref="ehCacheManager" />
        <property name="cacheName" value="topUsersCache" />
        <property name="timeToLive" value="3600" />
        <property name="statisticsAccuracy" value="1"/>
        <property name="statisticsEnabled" value="true"/>
        <property name="overflowToDisk" value="false" />
    </bean>
</beans>