<?xml version="1.0" encoding="UTF-8"?>
<beans xmlns="http://www.springframework.org/schema/beans"
    xmlns:xsi="http://www.w3.org/2001/XMLSchema-instance" xmlns:p="http://www.springframework.org/schema/p"
    xmlns:context="http://www.springframework.org/schema/context"
    xmlns:aop="http://www.springframework.org/schema/aop"
    xsi:schemaLocation="
    http://www.springframework.org/schema/beans http://www.springframework.org/schema/beans/spring-beans-3.1.xsd
    http://www.springframework.org/schema/context http://www.springframework.org/schema/context/spring-context-3.1.xsd
    http://www.springframework.org/schema/aop http://www.springframework.org/schema/aop/spring-aop-3.1.xsd">

    <!-- JMX Beans -->

    <bean id="mbeanServer" class="org.springframework.jmx.support.MBeanServerFactoryBean">
        <property name="locateExistingServerIfPossible" value="true" />
    </bean>

    <bean id="jmxExporter" class="com.welshare.util.NonDeregisteringMBeanExporter"
        lazy-init="false">
        <property name="server" ref="mbeanServer" />
        <property name="deregisterBeans" value="false" />
        <property name="registrationBehaviorName" value="REGISTRATION_REPLACE_EXISTING"/>
        <property name="beans">
            <map>
                <entry key="welshare:name=internalService" value-ref="internalService" />
                <entry key="welshare:name=hibernateStatistics" value-ref="hibernateStatisticsMBean" />
                <entry key="welshare:name=featureService" value-ref="featureService" />
            </map>
        </property>
    </bean>

    <bean class="net.sf.ehcache.management.ManagementService"
        init-method="init" destroy-method="dispose">
        <constructor-arg ref="ehCacheManager" />
        <constructor-arg ref="mbeanServer" />
        <constructor-arg value="true" />
        <constructor-arg value="true" />
        <constructor-arg value="true" />
        <constructor-arg value="true" />
        <constructor-arg value="true" />
    </bean>

    <bean id="hibernateStatisticsMBean" class="org.hibernate.jmx.StatisticsService">
        <property name="statisticsEnabled" value="true" />
        <property name="sessionFactory" value="#{entityManagerFactory.sessionFactory}" />
    </bean>
</beans>