<?xml version="1.0" encoding="UTF-8"?>
<beans xmlns="http://www.springframework.org/schema/beans"
    xmlns:xsi="http://www.w3.org/2001/XMLSchema-instance" xmlns:p="http://www.springframework.org/schema/p"
    xmlns:context="http://www.springframework.org/schema/context"
    xmlns:aop="http://www.springframework.org/schema/aop" xmlns:tx="http://www.springframework.org/schema/tx"
    xmlns:task="http://www.springframework.org/schema/task" xmlns:cache="http://www.springframework.org/schema/cache"
    xmlns:util="http://www.springframework.org/schema/util"
    xsi:schemaLocation="
    http://www.springframework.org/schema/beans http://www.springframework.org/schema/beans/spring-beans-3.1.xsd
    http://www.springframework.org/schema/context http://www.springframework.org/schema/context/spring-context-3.1.xsd
    http://www.springframework.org/schema/task http://www.springframework.org/schema/task/spring-task-3.1.xsd
    http://www.springframework.org/schema/aop http://www.springframework.org/schema/aop/spring-aop-3.1.xsd
    http://www.springframework.org/schema/tx http://www.springframework.org/schema/tx/spring-tx-3.1.xsd
    http://www.springframework.org/schema/cache http://www.springframework.org/schema/cache/spring-cache-3.1.xsd
    http://www.springframework.org/schema/util http://www.springframework.org/schema/util/spring-util-3.1.xsd">

    <context:component-scan base-package="com.welshare.service" />
    <context:component-scan base-package="com.welshare.dao" />

    <context:property-placeholder
        location="file:${config.location}/application.properties,classpath:/properties/welshare.properties" />

    <import resource="spring/caches.xml" />
    <import resource="spring/jmx.xml" />
    <import resource="spring/social.xml" />
    <import resource="spring/features.xml" />

    <bean id="dataSource" class="com.mchange.v2.c3p0.ComboPooledDataSource" destroy-method="close">
        <property name="jdbcUrl" value="${database.url}" />
        <property name="user" value="${database.username}" />
        <property name="password" value="${database.password}" />
        <property name="driverClass" value="${database.driver}" />
        <property name="testConnectionOnCheckin" value="true" />
        <property name="testConnectionOnCheckout" value="true" />
        <property name="acquireRetryAttempts" value="10" />
        <property name="acquireIncrement" value="5" />
        <property name="idleConnectionTestPeriod" value="540" />
        <property name="initialPoolSize" value="20"/>
        <property name="maxPoolSize" value="100"/>
        <property name="maxIdleTime" value="30" />
        <property name="maxStatements" value="50" />
        <property name="minPoolSize" value="10" />
    </bean>

    <bean id="entityManagerFactory"
        class="org.springframework.orm.jpa.LocalContainerEntityManagerFactoryBean">
        <property name="persistenceUnitName" value="welshare" />
        <property name="dataSource" ref="dataSource" />
        <property name="jpaVendorAdapter">
            <bean
                class="com.welshare.util.persistence.HibernateExtendedJpaVendorAdapter">
                <property name="showSql" value="${hibernate.showSql}" />
                <property name="databasePlatform" value="${hibernate.dialect}" />
                <property name="generateDdl" value="${hibernate.generateDDL}" />
                <!-- custom properties -->
                <property name="vendorProperties">
                    <util:map>
                        <entry key="hibernate.generate_statistics" value="${hibernate.statistics.enabled}" />
                        <entry key="hibernate.search.default.indexBase" value="${lucene.index.dir}" />
                        <entry key="net.sf.ehcache.configurationResourceName" value="ehcache.xml" />
                    </util:map>
                </property>
            </bean>
        </property>
        <!-- A custom dialect supporting different isolation levels -->
        <property name="jpaDialect">
            <bean class="com.welshare.util.persistence.HibernateExtendedJpaDialect" />
        </property>
    </bean>

    <bean id="transactionManager" class="org.springframework.orm.jpa.JpaTransactionManager">
        <property name="entityManagerFactory" ref="entityManagerFactory" />
    </bean>

     <tx:annotation-driven order="1" />

    <!-- neo4j graph database -->
    <bean id="neo4jdb" class="org.neo4j.kernel.EmbeddedGraphDatabase"
        destroy-method="shutdown">
        <constructor-arg value="${neo4j.store.dir}" />
        <constructor-arg>
            <util:map>
                <entry key="keep_logical_logs" value="true" />
            </util:map>
        </constructor-arg>
    </bean>
    <bean id="graphIndexService" class="org.neo4j.index.lucene.LuceneIndexService">
        <constructor-arg ref="neo4jdb" />
    </bean>
    <bean id="neo4jTemplate"
        class="org.springframework.data.graph.neo4j.template.Neo4jTemplate">
        <constructor-arg>
            <bean
                class="org.springframework.data.graph.neo4j.support.DelegatingGraphDatabase">
                <constructor-arg ref="neo4jdb" />
            </bean>
        </constructor-arg>
    </bean>

    <bean id="neo4jTransactionManagerService"
        class="org.neo4j.kernel.impl.transaction.SpringTransactionManager">
        <constructor-arg ref="neo4jdb" />
    </bean>
    <bean id="neo4jUserTransactionService" class="org.neo4j.kernel.impl.transaction.UserTransactionImpl">
        <constructor-arg ref="neo4jdb" />
    </bean>

    <bean id="neo4jTransactionManager"
        class="org.springframework.transaction.jta.JtaTransactionManager">
        <property name="transactionManager" ref="neo4jTransactionManagerService" />
        <property name="userTransaction" ref="neo4jUserTransactionService" />
    </bean>

    <tx:annotation-driven transaction-manager="neo4jTransactionManager" order="2" />

    <!-- This class translates native resource exceptions to Spring's DataAccessException
        hierarchy. It's applied to any bean that carries the Repository annotation,
        hence all our DAO classes. -->
    <bean
        class="org.springframework.dao.annotation.PersistenceExceptionTranslationPostProcessor" />

    <!-- This class processes the PersistenceUnit/PersistenceContext annotations
        to inject the corresponding EntityManagerFactory/EntityManager -->
    <bean
        class="org.springframework.orm.jpa.support.PersistenceAnnotationBeanPostProcessor" />

    <aop:aspectj-autoproxy />

    <bean id="s3Service" class="org.jets3t.service.impl.rest.httpclient.RestS3Service">
        <constructor-arg>
            <bean class="org.jets3t.service.security.AWSCredentials">
                <constructor-arg value="${s3.access.key}" />
                <constructor-arg value="${s3.secret}" />
            </bean>
        </constructor-arg>
    </bean>

    <bean id="emailsMessageSource"
        class="org.springframework.context.support.ResourceBundleMessageSource"
        p:basename="properties.emails" />

    <bean id="messageSource"
        class="org.springframework.context.support.ResourceBundleMessageSource"
        p:basename="messages" />

    <bean id="velocityEngine" class="org.springframework.ui.velocity.VelocityEngineFactoryBean">
        <property name="resourceLoaderPath" value="classpath:/emailTemplates"/>
        <property name="velocityPropertiesMap">
            <util:map>
                <entry key="resource.loader.cache" value="true" />
            </util:map>
        </property>
    </bean>

    <task:executor id="asyncExecutor" pool-size="100" />
    <task:annotation-driven executor="asyncExecutor" />
    <bean id="asyncCompletionService" class="java.util.concurrent.ExecutorCompletionService">
        <constructor-arg index="0" ref="asyncExecutor" />
    </bean>
</beans>